{
    "action": {
        "mean": [
            -0.007480836801423716,
            -0.0006854343852688506,
            0.024792829892705925,
            -0.006025192747414342,
            -0.01071695933521129,
            -0.009105304939878807,
            0.4818259296724212
        ],
        "std": [
            0.23734218827151649,
            0.38013540933670065,
            0.29486972185493765,
            0.27042136694768915,
            0.250006362602423,
            0.5376581426639678,
            0.4996695939996031
        ]
    },
    "state": {
        "mean": [
            0.37264412260323665,
            0.13316545249755046,
            0.38292246521398293,
            -0.06493559224574338,
            -0.17493834560033106,
            0.4603064191563981,
            0.15154249524692134
        ],
        "std": [
            0.11473436159848677,
            0.26916187132343083,
            0.11261075956029395,
            3.039741673092487,
            0.1861553294268157,
            0.6904644254708827,
            0.28242254236765596
        ]
    }
}